Gretchen,Minor,Henrique,Alice,Rebecca
Accuracy,0.53,0.665,0.595,0.68
Balanced Accuracy,0.5146992311171416,0.6346675712347354,0.5555178652193578,0.6151062867480778
Precision,0.6818181818181818,0.7637795275590551,0.7086614173228346,0.7397260273972602
Recall,0.5597014925373134,0.7238805970149254,0.6716417910447762,0.8059701492537313
F1 score,0.6147540983606556,0.7432950191570882,0.6896551724137931,0.7714285714285715

