Gretchen,Minor,Henrique,Alice,Rebecca
Accuracy,0.77,0.72,0.71,0.805
Balanced Accuracy,0.8076673164392463,0.7667316439246263,0.7404158544509422,0.8292722547108512
Precision,0.44594594594594594,0.3902439024390244,0.375,0.4925373134328358
Recall,0.868421052631579,0.8421052631578947,0.7894736842105263,0.868421052631579
F1 score,0.5892857142857143,0.5333333333333333,0.5084745762711864,0.6285714285714284

