Gretchen,Minor,Henrique,Alice,Rebecca
Accuracy,0.64,0.67,0.47,0.66
Balanced Accuracy,0.7005879692446857,0.6153324287652646,0.4968340117593849,0.6347806422433289
Precision,0.8974358974358975,0.7428571428571429,0.6666666666666666,0.7661290322580645
Recall,0.5223880597014925,0.7761194029850746,0.417910447761194,0.7089552238805971
F1 score,0.660377358490566,0.759124087591241,0.5137614678899082,0.7364341085271318

