Gretchen,Minor,Henrique,Alice,Rebecca
Accuracy,0.505,0.605,0.61,0.565
Balanced Accuracy,0.49939704552306297,0.6223997588182092,0.6024520148728771,0.5646166214450808
Precision,0.5344827586206896,0.7692307692307693,0.6178861788617886,0.5980392156862745
Recall,0.5794392523364486,0.37383177570093457,0.7102803738317757,0.5700934579439252
F1 score,0.5560538116591928,0.5031446540880503,0.6608695652173914,0.583732057416268

