Gretchen,Minor,Henrique,Alice,Rebecca
Accuracy,0.85,0.835,0.815,0.85
Balanced Accuracy,0.7692949520233625,0.7005284383256849,0.6579752468363232,0.8429981921846752
Precision,0.7073170731707317,0.75,0.7083333333333334,0.639344262295082
Recall,0.6170212765957447,0.44680851063829785,0.3617021276595745,0.8297872340425532
F1 score,0.6590909090909092,0.56,0.4788732394366197,0.7222222222222223

