Gretchen,Minor,Henrique,Alice,Rebecca
Accuracy,0.91,0.93,0.915,0.9
Balanced Accuracy,0.7257142857142858,0.7885714285714285,0.7114285714285714,0.8914285714285715
Precision,0.7058823529411765,0.7894736842105263,0.7857142857142857,0.5641025641025641
Recall,0.48,0.6,0.44,0.88
F1 score,0.5714285714285713,0.6818181818181819,0.5641025641025641,0.6875

