Gretchen,Minor,Henrique,Alice,Rebecca
Accuracy,0.64,0.62,0.915,0.61
Balanced Accuracy,0.5898424943747991,0.5789135326261652,0.6333976213436194,0.6534876245580199
Precision,0.1232876712328767,0.11688311688311688,0.5,0.1411764705882353
Recall,0.5294117647058824,0.5294117647058824,0.29411764705882354,0.7058823529411765
F1 score,0.2,0.19148936170212763,0.37037037037037035,0.2352941176470588

